event_no;onset_date;onset_time;peak_flux
5;2012-01-23;16:12:32.264000;135974.265625
7;2012-01-24;13:32:41.678000;214666.015625
20;2012-03-07;10:17:41.660000;216948.3125
43;2012-07-14;14:42:39.380000;37590.0234375
56;2012-09-03;11:17:39.257000;36408.02734375
45;2012-07-20;04:02:32.778000;20175.763671875
10;2012-01-28;09:17:30.806000;49399.45703125
28;2012-05-17;01:47:47.728000;14188.9892578125
61;2012-09-28;00:17:38.855000;14333.8525390625
75;2012-12-15;00:02:39.510000;8559.8076171875
